product_id,amount
2E7DEFBA7B9C9AF2B580F,2192
4E379792F6CA656900028,1494
2B15A17C08DA85ADD6FEA,1270
3F4C583E435F9A8D587F7,1235
B59257914AEA7EFD46611,1209
E28FCDCEE5027E565B020,1032
4103F7731BF1A5EFD9268,1025
C5CA463350C851F933A93,992
AB9EAE707123EF57BD1C2,989
A49206694F98F86920A9A,931
DC32B72870D5F8322C715,926
184454BFC1FD3063EE686,917
0FD78FBEDD4513C8EC55E,880
A09CA410816067EAA0C78,873
033B9642316BAB4114A1B,865
BA1A1263376A2F96D0389,810
4CADF6A2CC392AE080716,793
986D6313CF8783EB98E6F,789
D77C8FA222294FF1D8EEA,784
02BD2D9EADE1974822EC3,779
969A8286072A3F9D3AE52,764
2FEE376616FB4D3F8B816,756
2071D34600BC14C73E84C,750
36B2B2D27A7C115DC40D5,718
A13CAD65DA76E09B2938B,705
24AAC47FC1A062AF16544,701
939C559EAE728551A4E29,679
E92F25BE72F866A86452E,660
4D08936AD98C52D248C82,658
BB43190EBC40207A1E212,655
D94966534BA0A88BEE2B1,629
832EE14BCDDDC0C1AA51E,614
76332901F4CB2AC91E372,608
B67436572D8D562F0F9F6,606
9690190EA918B5DC92EF7,591
7CDB3E8AC25623D3B5F5E,584
C4B41CE77629F39E5F678,555
BE8D74693975376BA7903,545
6C1E7D03199B491F83C10,508
223C584CDF239C840EF35,506
7CB56F8B9A4FC8A2D9457,503
FCD46C3EC0D432BE82B39,481
864952C195BC374F0993D,481
76B19BEAE0E029F0D7D06,477
F040B36BF92B317279B33,477
3D228D651412B88E57843,474
D84920B38CE7EA671FCED,472
FA84943D14BDE41A79343,461
F61AC52A4CFE41AF305FD,459
C421EBBB3B748206035A4,447
D1DE6E4DD994C44D2EFE8,431
3F120DC3C27133D28BE66,408
DAAA2079E84090171F58F,407
18FD256C37D04D6CA4537,405
B11BA60777FD60B3BFE21,399
8C1EA47CE389F9A3C0282,399
3E384FE2400769659E88D,374
FE23FF8B111B2100CB4B7,371
C9C69C30CBCC4CFF01557,364
7BE4A2057A49484061F58,353
7733479449112A1F1735E,347
93F3B43B4843FD2D3A68C,347
FC8E7CA845EB050F463CA,343
A3D5CC864369F8C0584B6,335
1C3D18EDD824008776B7D,330
FBD522EC7770B6BE198DD,323
7C22EFC26B7F1828D39A5,321
183162A6C33755CEE1905,320
E2AD64710AB4F62ED5D6B,314
FD01A28734FB6C715C36C,308
63165F1AB49777424A964,305
47D1062F1826D7C4F9497,303
D1BEA79DE0A21C4B0B36D,298
6A2F3E1EA3F5340B02042,298
FF3E86B4FBBEFB2AC36D8,295
B17FE77123B0AF8CEE589,292
12672068983D15207E928,291
85B0ABAD003A6DA5B9F03,290
0683AEA1698A2B92327C6,285
277D3E3460AA48F56001F,284
DBE63027FD665C44A31DD,284
BD04E3B15B50DE879FBF5,283
C4A0E989DB41958377229,281
DAF28E56C2DE154DD47A1,281
C11E09EF06D581093D6D5,280
96EF6193A3F77A4EE3EFC,276
308612AFD87106B89DF4C,274
D758DBC3DE4CF161BEF34,274
D2D441226A847D0CFC67E,271
7CF1073832EA5A42EDE1F,264
AC0B7692F53E87702D5E4,262
BE49C50EF5D468322E70D,261
B63C1A78389E8824A338C,257
4F395FE84B4332B824A13,253
21C1A1E68C3C8A7A9D56F,252
BF53B0353A568777ADD6B,251
82C087EF02CF48D43BD2C,246
66F0571A08E65CB8C1B83,246
9D8ED40AF502E7B5F2C19,244
BA1AA179A37DEAD836555,240
AF9674BC1AC58FBF1D96F,231
0C678C707B1FF12818C28,230
8C124F2D9D17F4E4F780A,228
A053307687B1B99050145,228
AD1608AD60EE303AD3E56,227
21CEA306C6FAFBF21B40B,227
FB45A3B2B855CAD4CEF00,226
A40EC86C94D4F97A09C57,225
B1E3BD3EBEE4CE4EC8252,225
663B2E150FF03279C1B9A,225
81D2ADFA1A412646E6E38,224
211DC46888EC7904AF6FC,220
F8084213096B16CBE3D36,218
429C0871B87079CA88290,217
9142E789DC5B92290619C,215
4801322C12E7CC30540F7,213
D491FEF8C42484D8C19D8,213
8859ED98413214273D849,210
846F7190333C77DE64746,207
39187132F7FE125D0F7F1,206
E3248A7971C462B51DFD0,205
EDB955AA29F9A2FFA1EE3,202
7BE3C12FFF792EAF3B6F0,201
18450B469EAA54E2AD0E6,198
7C539F7BD76BC59FB0B5D,197
1568D6D599A3FA7571907,193
DEB5C44A35768ED649A26,193
29863B33FB1F161CB1AF9,192
E33B43B9047CEF6DA805B,191
900D5518958E5D5EEDC84,190
B403B8E63EA28EB606569,187
2188E2A54A1862A0C708A,186
AD2BA28355230244AEA93,186
8E5B943A799363D50DE0A,184
A25CB4862B3724F9D756D,184
4989A72E026B6873B0A2C,184
F63DA03B5338C3279BDF8,183
6C73AE9B3A331E48F190F,182
13EE9E0F5F4573DB51F1B,181
DF634820699A626B1AE4C,181
22D1DC97FD8CB58566D47,179
C6524CCBFE7F8FEB86F7E,179
0FCA359E4AEB036B419B1,178
B863AF89F8E8F7F457341,178
8D388A6D0881D70F76A56,177
9C1553BE5E6D87A03C652,176
5663709ED8EDA8C0D6D85,171
5ED5AF1A3CAE037399913,171
95839D1BCBBF01F4866D8,170
6E7B382E8185492C39A24,168
734BB4922BC6A17D6B878,166
B6A410D4C123BBC6DF5AC,163
75703E644FC39E89675D9,162
BA673D1E7C079D8D42088,162
F7816206AF3A51AB6448B,162
21AD9241919A780B19BE8,160
0179B7A9371F031A57707,158
E7C50813B51CD4F77E84F,157
D79B19783AD7EACE4824A,154
12251E374C92D4E18302A,154
8A34AE42404BB39C7E158,154
48DE6310A285B19613315,153
6C02698DE67F5F4D431B6,153
421BD441638BC170C4E93,152
257A7C16D4020FDB8CF4E,151
75FA30031535E77819CA7,149
D7E221E41788E39A105AB,149
FF62C6719772445D40106,148
D467EE4730E51C09E183A,147
1078B517A6A8C12F50CDC,145
CB42C0A6206335D7AC010,145
83634B5E87E5637CE7A0A,145
DC393D939E3A666CCCF0E,145
E707316770FC8860BBF5A,143
F19C61762D3D63E1895D6,143
362757E298D05D2A5812E,142
35D4C395FFF2EE51B4F35,142
9D77B3B02C5FC94D82AC4,139
FEAD26C35470BA7FFD252,138
B26FA48327EFD1F069D62,137
DE96F4D23E730D9577C26,135
879DEF2C93A436C573BE4,134
30BAC57F832FC763A000F,134
A8D4F3B7DC69A701A28B8,133
E261C976E696F51F190F7,132
28EFE954BAFB8B7266066,132
C96CA127E525D059741D2,131
C9ABD24D146F736D1C439,131
7894486CFC8100E4494C7,131
C54F66D2BA5548655E1A3,129
2BB42B7B94398383C9790,127
244DE4950964922A76FED,127
E25239D8B82E24730B62B,127
5D51D8B9E5ED16AEE3F02,126
BFEF7247C8761F0280B2B,126
F63550D5258FCF9761009,125
9DB3C124B8B579DDAE615,125
FE76CAC6698035F36A2A8,124
4E73A609FC72B8FAB6D1A,124
F68113FCC35D539F15394,122
AF9DC42C6B30DB5E490BD,120
AF283E13AE70F071F0CF4,118
6E65E76CBECA2D99FF45E,117
8094742489509BF091C70,117
4957FFC9E93FC0A2337F2,117
2F5931FFFAF56B058F3AA,116
0311639F9418305836666,115
C516612554A76D0C3BCAF,115
F2DEAF7417259C799D96C,115
7A5CD5B2C5FC31392186B,115
550D647138FB86C93FCF5,115
515BC49C42A8ED1F09B63,114
AA458B860D61A72677B1A,113
8C3C553B78B108F5BFFFF,113
18A43558482C202587E4C,112
FF6981DB253C44FE7C873,112
B773C114BFD50636FA1FC,112
207E5BF79955CEFE16551,112
A8CF4D9D60718FE4ECBA4,111
BE8890244312C0F5A0CB5,111
4241DB57DDFFF7C67B5E3,109
6403D086C9B21665F184F,106
CCF9018D335F0899BA1EB,106
1F904703394CF02C2D8A2,104
D18E75D6C96F4A447D93C,103
5742ADE8BBE796D7DD390,102
25144D5EF42F14FC4413A,102
D481CE070627AAD1E77CF,100
DD03E31DDCBE1EF9833D5,100
015F1C22456E69801F745,99
83E921F9CD3CEE65329DD,99
C6BC852B151970DC79291,99
76D02F6100C1D385D0853,97
889B9EEC31B1AEA2549B1,96
E958353AD840A446FD01B,95
6EC2C2C919320DC0D2C7D,93
9BFC8E1C5F8D9273F18DA,93
FF12957B3CAE524917ACD,92
1947378C0EB048A108525,92
F5B5F05315E88A94F4169,91
C5103D88BBB946F700552,91
DEBA442F3B336DCCEA5B8,90
D86F3A794B3087FD625CD,90
184D3F016813A33842A7C,90
228E28DF6EB538B39A9F9,89
B173AB1E3F5DC39D531CC,89
6B83D7837BB0B0F1A0EA0,88
72E9693EBBF4261C66589,88
C64F25BA3A40BDEF68617,87
AD42C7794694C92E8FBC7,86
4AA6677B75046CE2F3D1C,86
29D9A7D8B8178E205D011,85
99010C2D6C6F2E5BAD3C3,84
0BCD39DBCED23816BEC2D,82
C72AD235FFF4AAA2A19AD,82
C1C02FB9D2760C256D238,81
C57D2E0F62CCF0FF427F8,81
A5AD60FD6F9FECB0AE522,80
6402F76713371FA21D3C1,79
EFEC1B734697E2746EDCB,79
6E324E452B43F357EE802,79
0A7E577943ED7F913A645,78
D08CCED15DBA59DD4717F,78
76A8FAD90205B6F426D6C,75
7DCBAD2EA3BDC81C470A9,75
970E526AA01311BB3C3AF,75
F4AB54BA1CDC1D9F3FFE1,74
6186BBEF41EA5EAE862FD,74
CA0C8A2E073678225EDF6,73
DF49EA6B17BD9908B4A0C,73
4AC1D02A1699EA0819508,73
5A38993C6B8C0670511FF,73
70D80761FF0974732F9D1,72
501C195C3191E033F214B,72
77CAFF64A2A66C081E2AA,72
EEA031DEE0B122959FC71,71
00B254466AB7C244EDD30,71
05DAF0288C5FD9A87E4B5,71
F52ABB600346BD27C1AD1,70
D8B277B58F751762F7F3E,70
C7820F8977C34C5827417,69
A40286923849F785BF6F9,69
6B27DB13A494BFC084A70,69
732701E04BEBDE71DD746,69
773170EC14B23A069FCE4,68
5173F820EB1B157FECA3F,68
04C626DC76292AFF123CA,68
2EA62950BFE7EFFCA42B3,68
E28985B4CB06BC25E76D0,68
B79BF722ED120E12BFD33,67
AD6A40D357D018EA47E73,67
FD8F3113EA7EFFEC6AE31,66
2BB86C1AB10EC7B4C7CFF,66
FD3724ADDAD163739AA99,64
97C0D4DAE1587B940F76F,64
B9F02E83C0CFB29D5F532,64
2CFE5DC30A33CA50B0791,63
127E273E0069A17977485,63
F370EDE4D1548728D1050,63
856923C1B79C8442DD2FB,63
418FE6EB07214873E42CC,63
941CE6E614EE3DFA0DE42,63
A1BE5BEE73D3D9D3DF7D9,63
F17F3D03AEEE73A29C846,62
F171F83FC3D3506CB9BB3,62
F0E941E401359E2E97C56,62
C4B409AB653D7FC699EDD,61
D5C48C04C203A416FEC6C,60
C5C603F327AC1EAA3FBFC,60
3C09EC70458CBAE24046A,60
DF577BCD1C9414A33E368,60
9979AE87FCCF329941915,60
E7B152E7FBCB54807ED08,60
96A2B4EE6514EFD263A96,59
8427B8B6F8E906BFDB1BC,59
DEF6C81801F9381FE967B,59
AB1244A087A5FB1B4B4A4,59
8D550CD1181CC47DD333E,59
0F198CAC62B7FE4E6F06B,59
F4BEE47D9C56716AB3795,58
BFBAE6DEEC51E294A64D9,58
11EF1F5DFAD59465B14C6,57
1F24525C94F562E46117A,57
32108FDCF18AEFD28C33B,56
2D6B0CAFE7641AF083587,56
D30731CE514B949C9F993,56
87780B7506EA66A4DDBDB,56
D867B608273526E5ACDE8,55
DF9E6086BB75A419FC854,55
602CE97B2832D0265573A,55
A4BFBC34238D8DD5F71C1,55
CEED1A6C7E3C51B6408C7,54
62F5666B4FC9714946608,54
3EC5C880CE81ACDC50432,53
EA3BE103E2F3E23B9FA40,53
84E79B9BE38A752823998,52
8849C2644D4AA05BE994F,52
EB4C838BE053FC254D415,52
8CB2C34A3DBA96D17377D,52
60031E03BF7BFA045BC2B,52
4ED61460387209EF85AB1,51
CFA04E3525C782DCCA347,51
AC00F12FF33AF081A35B5,50
74B8DF806E3C263D5EE46,50
1D50FB8E2E0EF973CB27F,50
32624A6DE52420241291C,50
5EBE3C86975C7D56165C2,50
721D773894A9440778A68,49
15B09CC58247292DB87A2,49
BE27EC4E30AC5679AE1DE,49
AB779833452AB86B8A50E,49
58D4068804C1207F5F069,49
88431FBF02BE1F571ED96,48
15454D16F2ACB3DB3474C,48
36C2FFBFF03811F29835E,47
EF901D9ADBB73C75C3734,47
FDEEFDB00A7CAC83C1345,47
3287817CD1C85A58CC289,47
3EAD371C451CD477247A7,47
3B9B1A3B8258929C6F45A,47
8D4684F343EEC817C38EA,47
58A8635ECA326C82214C8,47
B0D46C2D62D73B391F43A,46
21D0F1237C552BE951822,46
BA5EA1C1991E2BD3405D5,46
E076CBD09E56D46F6F9B7,46
46E637714916C2CA4010A,45
6C74AC8FEB54FC7B2596F,45
6E48DE85B588A5378DA71,45
D1118B0D090F7282F511B,45
0D814359BC3118BBAF243,45
89BF533618BF3244134C8,45
7126C72573E199002F486,44
9FCF84805196DF9FE5E48,44
7B43177CE65DE4ECD733A,44
7093E7A41F17D3BBCFED2,44
A060444C6CD720B9B53C0,43
E4B4516590B8418A30E3D,43
8F951C9D2E18C87A879B5,43
8343A3C959AD4EF01E904,43
4197591CE0165A7CCEBCB,43
3D506B8A7FF923D619CEA,43
7FC88CBE7590C481EB65C,42
B3FCD6B68DA2928BFD5D0,42
C347D2D58332C7C4F5519,42
EC0788030E80DA44A24B8,42
C03B9F4B8D190A99AE4EB,42
B6428B71017287E14FD00,41
3315502AB9E9546C57318,41
A598298E88ECFCFEAA7A8,41
FCB545F616A9030EB2B0F,40
F35C29D2117282F2F8D0E,40
49BB085A13D1437A7FF10,40
C566965CCC87E3660DF70,40
82DD99894F4998CFAA3C8,40
2590AD4007696AB202AF8,39
31DB44206E63C10D2FE6C,39
96971D8301E0C277AFEA1,39
12B9133F33B50496C131D,39
6751F9011A7176AC7F416,39
E4BFF54CC6049A88FDEAB,39
DB7B9B680634B9287A0A0,39
206C23A81A9C652F64E40,38
C9DB88808CECC20222AF0,37
0B79CD0B60B84A7A22407,37
419F9B3DA96E4D8587A9D,37
6718BBB85A5503253BD86,37
4E262F8AD6956FFAC1208,36
B804359418FEE17BA3A8A,36
9DFBA6CA55141B3C74AB7,36
BCC4014861D6982DAF3DD,36
B18FB621466F35578D3F8,36
E781864195A7477648065,35
1DD245861AB7C773A1197,35
C1581A26F3C4D6DCCB0DA,35
7AA2AFEE8D7264F60B570,35
1638531ED4221642BAB7F,35
5ADDCF8C51D4AAE71F059,34
D1E40A30E05AAD8BF4A3B,34
5B42E0ED29D68E704A52C,34
539A00A802E30D8201777,34
E04D11152F8E11A11AA9E,34
9629F6E9ECB8A80764349,34
F3E10B0DA1E55A8B151CE,34
9721EB4B248BCCEF7EF61,34
1790F8A4FFE53F9535073,34
C3B16F8674549840A8652,33
AF46A2525BD272D79F134,33
1C57BB43CA9A12C1E3332,33
11EF271F76C0EBE63AC18,33
03682263DBCF0C1B21249,33
C9B37F1DD2467186F6FAC,33
A95E07B4A9237CA14ABCC,33
0685CB2B2E9A5915F80B5,33
CEF2ECCB874AE27790DD6,32
C57D8792E01D571BD2B05,32
CA67FEFB0FDA318C8745A,32
8A559FB113B4B0F090C5C,32
15A43F6A915F0E2C6740B,32
2495E2840DA8C759C8712,32
8AB8A8B405C4681355F8C,32
38770DBB8CC55D7F359D8,32
F7DDE86A648A1FEB9BB0C,32
36AF1D103773F486EB0E2,31
9F752789018E8A9D43850,31
D62B2C3B0206575154EEA,31
0084A0A29F4D5FDC0D2B1,31
72F75AAAB30B198345F76,31
A6E1C27A3BD54B0A7DF22,31
11165959CFAAD8B44A36F,31
43CC66E65DB56D15A9AF0,30
A93C0B5A976E3745E1017,30
1E23C369CC511D6E1D0A3,30
34DD116415ED1F6319FF9,30
33FB85A56E682DF626E1C,30
563D8971C0DC1CC2CE0EF,30
998460D14A59D21BDEA9D,30
1B1C05438071CD45BBD83,29
41CE7C5996EF58125D014,29
76932FCCC6E85F34DDC8E,29
F333F588EB392C134E679,29
7416D4FC69EB8F67E43C4,29
5F5837B43A3553E6A2C03,29
7820C1C675DBBEC764AC2,29
AF11DD915C5A05C171AAE,29
64B83AD599A1A8F02771E,29
C8375A2F977E0D51391B8,29
D43AD8BD359AF6045AE43,28
6613E1B38DCEB3BE1A53A,28
AB8AC1C79ABB0A81EF831,28
2E551580E30C1568CB59C,28
D6EF7D5D919CB132E477E,28
9F90DE057297BBA122E80,28
4862F76D23845A5EA21B4,28
6F912D90FDAC243A18D72,28
8ECCD1C6150B23312FD63,28
C240017AE5070E099200A,27
8A994C8498DEC72E9E9AF,27
8CF1C6F6B3DB58C44FE21,27
85FBE96FD8EF60F573A3A,27
85782BD8595A5DAFED87B,27
59CF044AD64166FC45DBC,27
85287D414E07FFDE88259,27
52A654FCB94E90C1C2926,27
E39032026387B39C587DE,27
1A93432CD874C8D4E7727,27
AABD7A2F466F95BAD2F9A,27
FCCF93776979DC7CCFE24,27
3B183C8C347182488AE9F,27
01A17E551E51F077EB4A5,27
2514D540AFA091DE9C3A6,26
C8FDF3CE5EFB63EF06669,26
7687C2E9124F475CAD03F,26
076E66661DCF989B1A741,26
149782B7F34B77794C983,26
BAF377F2D867FFD68387E,26
37479A7A4F36D0AAB9EDA,26
4E58F0BA728042BAF6308,26
F0A17EAAAEE2AA4E6E21C,26
0A2FAE2C490FC9A7CF2EC,26
17CD37E0BDDF3DC8E9B43,26
139409930AC93C482983E,26
AD10E8C288348561A1C64,26
BBA1425CB274D1A2DC37B,25
2F0124DDD7777B0EAE76B,25
ECB573CB5668BB29F740D,25
93C232549EC18B0676A8E,25
733834EB23D48C148641A,25
90D303E414F9F4610D24F,25
90249B807E3FE4B5889CA,25
15AB360EC1E201621A992,25
BFAD9A6D0AF8543B2DC34,24
58C447B76B96E4975C4C7,24
0F1C8B0402588B51B94A4,24
95B67E6FE87C44C2D8B26,24
EA01D3F54C3D6B6383503,24
225DFC6AE7B337A05EAD6,23
A58BCB279D9B9CD75C01D,23
78B5187A1C0615FBA1123,23
44598783A862B187AC4EE,23
16D04D2E140E4FF976555,23
4B9B144C7D2DEE4C08E83,23
A2BCB4325BBF13CF61DAD,23
78704440488DF24FEA615,22
A808576B09B44A3EBE098,22
5E65911BEC368ABA8132E,22
7A5C964D8A834EF531B86,22
193C23341F631F7C666F2,22
9DCEA66009679E1AD2670,22
4C4D35DC169E3F264F193,22
2CE862C0629A15C14CFAE,22
72DB2B06CB8935BF5A3AB,22
2985863DBED79188A2B03,22
1C61363765943AA42420D,22
107A2A60D26CD99EAF44E,22
8FD2D428A51C135CFDD98,22
495EF1E0EA9B9CF1DC9AE,22
17150528F03A18DCFE4E2,22
4C1D7745DFCD558D4AABA,22
D0D8D5FE59E9280B895F3,22
E1E7459C50FF5C93AA0D8,21
3648411BB869508AC7A38,21
9602C84125FBD931D5EFB,21
9BF0A42C286911C220B17,21
1F7342E2A783BFE9490C6,21
498CE3FA8ADE2C1187A73,21
BAAD32D8AF7015CB14922,21
7CE346D356E3B82CC441F,21
5C67E98CD2D4B1685F460,21
2F01094FB552F244CE311,21
7CA74D761D7AB3E964DCB,21
D314C9746D65EB1F87974,21
02473D854AF94F1473343,21
E73BFC99F3F805E2DFB10,21
D39885D3D2481F8E39A4D,20
0F3148DD04D81EAD4D69D,20
35B29C50E5A4917AA1043,20
E8FF7EB570F559D89D779,20
1F8E6FA5AEF88B341DE66,20
0539B574EA6D144F3AE25,20
DD9ED04D67F47BFA05C42,20
34E8111672FBCD2ADFF2B,20
671C6D7CDEC621E2FA265,20
8FB745E64E536E07B4DD6,20
16A886B31C867C0CCA647,20
25E40D3E28B8CBAC9DCE8,20
AED5A944A7BA6D4823A79,20
877D08EF0A2E7AFAD66A3,20
C092E17BAA96A13AFDD0E,20
D07A62FC988B092DB8C18,20
1D4CB09A5F511773A8088,20
7B4C67E926102F4A5433A,20
9DE612FB9FA3E38B1FB44,20
9777F58FB068C0DDB4F09,19
31C33E875E6BC5B88B9F4,19
1A8BFCB0C7B406F8D9AC8,19
34F5F273D77671CA50E10,19
3AD693ADD595D5BE10976,19
5045564AFBC6BF84AF632,19
AEF33278A6A075867629C,19
E5D7B5B98555907D748BA,19
A766FEE12FD0FB8A8AF75,18
E106C98E8EC66E7DF269D,18
B01A1265399DFBF8C3335,18
E261243091555D8C6FA00,18
B3C79CD7BFF345AC39DA8,18
BAEED841D6B74947406DC,18
38AA8F58F17CFE42C728B,18
499E22F0EA8EAFC95474B,18
3CD950BFA3535B2444179,18
5D4B0B8A6DA29E353B434,18
D4402AB470967C28C7419,18
8F7CEB3D9207C3DE4EDA4,18
58F87FDDA7A80E16CBC24,18
D4AED28D8BC0AEB3A4EF7,18
CEC34AF7EBEFA25361E74,18
8E5A7B39B7BFF7A6BB959,18
9F5BB5BCD7DEDC9988245,18
191E94CE2EF1BFF9F5D38,17
46CFF6AD5E42DF6B8903F,17
A4DAEDD7D2E8EA2B498C3,17
6C8012D6A0C9BF741F8CB,17
4BDFC89748EF65FD7D787,17
3987FA782AE07624E5D06,17
F6A83515A3194117AD0EF,17
6BDB5B84DC67E979B4E63,17
184E68B3245F535178512,17
AE810110E68FC6B9FCE39,17
A9149F91F69D881BFAA1F,17
BFCEF8432912755686C71,17
5FF0713EA0FF45517DF8F,17
5878E37B231593412960D,17
1902469098BA68AAB1725,17
506BF03146FA9AD6184B2,17
4F0FD73EBEFCAA894B47A,17
0BED71BD7874EDFB39E41,17
2055A697149582A419741,17
6BC1AEF0843E034625498,17
821C698E587534A77DE8F,16
0B0965E548F5793FA8EE9,16
A154B76C88B51FA28ECDC,16
7B038FEA34AF87FC3AB38,16
D6992F2BC3AD556145DBC,16
8F5EB96A4E37D71994C72,16
EA27C83A8E4E77E1C10E1,16
AD1054DAB6589AFA7A20B,16
24B116FB81352F23589CB,16
43850AC4AFA41C9E93F94,16
AD1E27B4E9880AC0F10E4,16
CE15B6D30A4C4B4EED41A,16
2316D2D8B99DE347BE122,16
32844EAD4423585A7CC0E,16
631F28D36FDF10FAC20DF,16
F25D10876B52E9C003AA3,16
5B854994039EEA66CD945,16
F416DF78C3430CB90308C,16
668819C687F9E70DB5C7D,15
7AA62389EFDA0DAD8B0ED,15
1C78A598DF24C97CED2A5,15
EEC49DAB6A59730F31611,15
92033953BB370ADBD6FF3,15
3517359FBD5B7CD2B91C9,15
F971D68F88661F9DE2AA0,15
2E261A58C8E5C1E5C6372,15
EED54559A6AF1B900354A,15
9A58419312BE8137CF23F,15
6262C60D2D3ED22E4E8AC,15
AF4836D6FF4A8A3AA040C,15
AFA4756C560C14DF0C087,14
6375BE618302E78723988,14
A1723DA6535CF9C41E88C,14
09E7449FE114946C12D8C,14
C30080D6E9B96F1DE70D4,14
6294653184260DEFB62B8,14
75FECF6BEA307E96BE0F4,14
388BA466DC8EF7CF5545E,14
D057802A9B79509C689AA,14
08FEFC7994CE6F89C6C79,14
4B19AD383890430FF2591,14
F813ECE63F8BB6DD2728E,14
C00A218511E25E9DCBA04,14
E830B97DDC9C9832189D0,14
6823A0559F29725C8E831,14
AEC11CC6D9B89D54F9DB6,14
6B12A4074235F024205FA,14
B4D1A63570C3A951BAE35,14
43C113522411A01B8DBEA,14
907E29B9073F7A58DBCF0,13
2B206086537BE172C9902,13
92090F11161C708456F59,13
7D8B0CC0E80D54EF8073C,13
550AED4FAB7011ED34B26,13
D18FF1418BD10AC121FDD,13
99B42E5624D4B019A8812,13
5BFD321E355DE9C5B16F6,13
D1AD631945F45CDC42F73,13
827C70A135E4DF5AADF2F,13
06C5B5F334CC777AABE6A,13
BCC92F3D78A4822332688,13
23252E8F79E20038A29F2,13
FF24AA88E789AE455ADEF,13
415BE9DD0912339F75A36,13
A83855E79DD7C3C6C9019,13
D364D7CB9EB64649DBB00,13
E38E3832042804579EAFA,13
0948AF40F0EAA737FD1C4,12
37900796EC7CA044FC940,12
91CFA451ED41CE637527F,12
72CDD61DE8540E39575F7,12
F6563EBC41A37FE08D8B9,12
7435B80346C6912D8BF82,12
D3F2390805EBC358A362F,12
2F524DE9352D1770092CF,12
E6A25719B5A29842A2D44,12
C3CE40C531201B02DD0FF,12
9C62D18AD7A6BB419F54E,12
961CF37FAB155001696FE,12
43F36A99AE1677BC9FB84,12
7D509B5A83DFEC7B4ED28,12
C2B11497D557E4CBB5C57,12
2545F930E3883CA4561CC,12
AF3DEF6B645E18FA29610,12
A5C1FED18E5A9676BB200,12
79F09BF2F609829148B79,12
83F4F24DE0B65D87DEB1F,12
FEC00ECCDA3FC0C81B793,12
CC14A0D9826F821AF7769,12
C8413FCF0E498A1AA3306,12
7E86D30F5235DA019C1B5,12
545595FE187E65DDF4138,12
AF01ED7576C90850B85BE,12
CE0233A5B000D58768ABF,12
5CDDAE5A6C4C81765FEF1,12
4E171E4B94F4C66887C98,12
698AF9566FFC51F0DF1B6,12
08180F9B01C79C1625A1E,11
2490719D3AB93672F82F5,11
9E9329E82606573E3020C,11
D5ACF10A51E52602E4A14,11
F09F378849335485E82D0,11
2356DD3E17FA264F2565D,11
EC934E30A438AA6C6537E,11
E21DF17509406CDE22E57,11
BE7A681EC581B072C5E28,11
86F0342D62166920AC447,11
D08FC9AE008F55C57B2C1,11
83F37973B4BF762EED58C,11
2092CC29F6BE8FA791D43,11
0ABDB10B7B01FC0EC7A48,11
C7903100A63607C680257,11
A507962A86E9502C27025,11
DF515FD77CE77C1763AD5,11
5BFC5680DDDA5E048AA2C,11
389BA8EDA4025D29C09CF,11
6467CFD9674059933DE3C,11
14B1D041540210F66D904,11
A2F24BA30E9F028211CB9,11
9909750E02D68AC136FFC,11
E4B9EFEEE3BCB6520F1F4,11
D7B61C8F9B530BE14B103,11
E57C10BA483AC56FF09AF,11
5DABF5B40B8595230AE1E,11
BFE30F4D709116210C2BD,11
29170C8D515D83AE61791,11
BC5606A0E34495FC2E66E,11
C3CC51536D0AB6A36C2C0,11
71E842BC44E5EB5AF9395,10
4187542B146CB33AB4821,10
06CBDB388C210347F29E7,10
0725F358D67480076874B,10
2FCFCF1F3D1D8D15ACA9C,10
46121B09242A3A39649F9,10
661758C5B224F6098B16D,10
8D4B4FBB0E1791D8D9A2F,10
BAFF03E87D4827B6D7BE6,10
0099D052DDE0B22594D1A,10
358C6F358A7BE0619A500,10
B4DBFA3710A5F3925870F,10
6AAD9043C6360F6E113A3,10
E04D989CCC49BDE33362E,10
C76F7A4DBDBF5847EF604,10
D39DE29873FD1F7258BB8,10
E0B08FF787ED83109AEA1,10
A6888F11C27EB58AF0330,10
9FA12FFB54AFB807F4BD4,10
AAC9766CF34D159AF68C6,10
B1C49160ED7A418E667D4,10
B9AE18CA9469193561B55,10
544BF864C4E6E1D1E8207,10
26349C1DE688659944C41,10
7D36E742D134B1281CB95,10
438E2F6B4C076640C22C8,10
25900055897BAD79F2E27,10
ABD9973D5D175A5C40C31,10
4DD7F6A44CD31F7FE1DCE,10
4C9F79835D18B80EA00DF,10
F2A9C89041D70D186065F,10
F68EC0F9ADB56999CD9CC,10
F68D8B52B2AF422CBF412,10
E7A5D025B58F706CAB8E1,10
064845B3F8BF0AB6F2C75,10
8D4120EE8F4F4FEEC397D,9
CB56F58270EA74D932DA4,9
2637ADE441B81716A4C56,9
03714027A32CC53181F2B,9
DB1BA7AE076C41C21040B,9
D67238438D3DE20575832,9
32EE7255FBC513CB32E42,9
3BEAEFABC80D84624D08F,9
D71F3D9366E1C6F778D8B,9
38CC748C02408CF3E19C6,9
D62042296C818A19FF37A,9
2BB264F4D007123C04F03,9
3A7CB391545E0CB2552A1,9
836364D7104C8DEB63DB5,9
54275D3ECE21448BFF106,9
7328B8958D8674BCBF583,9
79449424A43D3F861D3AC,9
C872EF36796A00D1C353A,9
66392C4A1B6CD9E0CA197,9
657C03377F2CD3B3CC3D9,9
7DBB1596C861A4471427D,9
105490F13DCEB86ED4E5D,9
A1128D17ED8964621E3D6,9
7C5E5992640454171BBAD,9
647C2850D4845A1B97E76,9
C34AAE14284A5F5066D51,9
FC09B08E64C4BE1D52F29,9
DB99C76B67B1C6E7F3F58,9
E4C6C5A05C5A7655F87B5,9
A33000FF7CAC401C48E8B,9
614A642E746B130D6164E,9
5277E5A57244434E2F8D1,9
AAB7C58815D900FFDDD22,9
0AB46DD45691A22A10271,9
180C86EE45BB63BDE4380,9
44D8A8E23C71DD6BFC135,9
EE3C8B54B191792C3AC37,9
C5133FC128A64AA93267A,9
720A8D846D1B2F11CDAB5,9
1FDAE3208AD803CD75F1A,9
A61297619A2705E495A42,9
00935786B2AE3E336A262,8
C2F9A270E2346F8CC44BF,8
FB271423863455D905001,8
320838B2DDD076970BD48,8
BFE55DF6B740B7BD9B57E,8
2D792739939E99741B4B9,8
7560AA7015B5E8BD5E108,8
34DCE5A35B16AE95BD277,8
D83D594F22B35832F1E52,8
D35040DFABC0DDAA8C5A8,8
C93082F1CE0E30A9B749E,8
6A2A603AB05633D3F562B,8
01AE3EF4B87E1D057F253,8
734ADD7CBB9C4EF7A77E2,8
C01E2FEA77B6DE286E926,8
43BCB8AFFEA8925630E0C,8
E529FD3AD1F3E7CE89CD7,8
603E41720D6924F583E8A,8
900CA707440D86A0F4FF8,8
8B421C3A4B85E90BA3F7D,8
08C7BBB0B4973D06E6255,8
87A6E77139C947AAD7A16,8
BDE6195EB3B19E9B6DBD9,8
1F765F16365D6A3C0D0A4,8
82A918D905117F65DBF91,8
262960969BBC53F41BB8E,8
BE8F112C7780B443A9DBA,8
8EE80EA8066199E098C6E,8
C7A19E3B830525CD49516,8
1A5D134D14EF2375B1ABE,8
BD3549BC9B59F96946926,8
BCBEA1EC4B61CAE3BBFC7,8
C398F61CBAFE126D4B33A,8
F30196E85A16B5CC7A040,8
E59B8EB0395B0C95C2E60,8
D9581ACB577702655AB95,8
DF53898A9A5188F43AF4A,8
D403FC83290E7911A158E,8
2F49E0687B1FFE58360CB,8
C83AC3B209EDCEA1F8BDA,7
C4518796373432F151D5D,7
A0790064200C07EAF4FE8,7
BA15257C013C1B2B93F55,7
D655A2F27CBBA8668A791,7
D0840F9AED077268765E9,7
C9962D0A1C9D959E25EE4,7
BB285FB23398D4CBA3B9B,7
C6DFE0292BA54B5F0475C,7
71754E51713F794046184,7
8DEEEB18F8C10AF5297C3,7
4B686C1C45737A28A3ACB,7
227A7065D369D21B075B5,7
6A4F1C9EE91160BD377DA,7
122C438B8E5F4A37A9920,7
8251D7D9658AB7CAAA482,7
11787E313AD8BB8E57598,7
3D21190FA55D5D8E7B94B,7
0932F3EBD84204DEF045D,7
808C56DC463EBCCC86037,7
FC31C503081DC60B2E2D7,7
FD373CB5ED1C11A48DA88,7
2976B463F591E42A6C35D,7
290E599FFF3D1080D04AE,7
75E3B1A0279103FFA6290,7
7CA0D0943595B7BE280A7,7
7C850A267A1E04ED6ED5A,7
0F83039199CBAC11156D5,7
DB0C1BD498A871CBC8DE3,7
14EAC69EBA699D682F568,7
0E80A1AB4E05C0F223E90,7
DAC18579F8B9394383B47,7
5A6B60D85648F7E56A97C,7
581459B8A075FCBB6967B,7
379E083AD009AC598FD8A,7
5CE7E6CF8DB7510042145,7
324147AFD5FEABAC8F619,7
F303C4D37E06D77E67F89,7
50841FD42FE8D2A78D552,7
56F3F2AC1AF5E4AC5754C,7
E931AA9D98CC8E74A9153,7
73C43C602E300FACFD26A,6
57743EE753C139AC0290A,6
5A4AAB4C1F4B861721D21,6
531BA913A1D387B0CF33C,6
448F2E3E898C4CD43448F,6
57A6074414501BAFBB57C,6
45495FA4FAF688BB0D6E6,6
54DBED8DD3391E91CE405,6
B46128EE0A9AFBDF9BAF8,6
6117FE516719BC039CD78,6
169639EA1131831D93D8E,6
D04537F2F057F9511C6C0,6
6C1DB0FF5D956A0647EC5,6
D12AEDB3C2F1325D38896,6
46FF025790EC97AD899C4,6
FB0172B643A3C837F7C42,6
6A2C247B8A7FCEED0F20E,6
699CCA0538D73BC65A9BD,6
41109F95204F8F3515DF1,6
64ACE9490186B4547EA7C,6
E410CD60C6CBE8AF46B04,6
6341A81344C4EC8F7C4F0,6
AA23D6177F224E635CE27,6
C973C4533E4A2F0676A2E,6
3254B208E49B0F0180ECC,6
92384B6963628D3585F12,6
0A3DCA6DBE53193CB7A6E,6
F53A03B6A57ECB898A626,6
95D8B058F94A0FCB32D9E,6
D7C782E7C2F9D0F5C4490,6
091B4D2A189E1EA5D59C9,6
2F9962B9E8FC880581255,6
04DC54D279325C16869EA,6
3BF6F5B03040FCEA66E85,6
804F9D88DDE4BD030C819,6
392F5C2833EF0C7F49947,6
DD756F9EBC27ED46D2BA5,6
7E159A5FB48D437B4468D,6
F2631FE6C459D1B54C856,6
16D49DA0FCF3B74616B69,5
E466ED568A737C388E208,5
9034191D5DD9C1C9F549A,5
D9BB6E0A9C8AB4C102B2F,5
9005D255A89EC4168E3F2,5
C6296DFA57323E2F36CF0,5
630F0DAAB74E9E6552996,5
15994F932DFB29803D4CF,5
63B26D2BCB65CE8EFDD29,5
5D579DFD60BDE1896E9D7,5
7C6F2D5DE48B4A2C5068C,5
C05E95A8A4C8147AB20E3,5
B9A8BE39A1DE945DA8BCC,5
150C063CDE9ACEB48EF65,5
5C6082B546CEBCA9FB9DB,5
F8C68DACC48E54EBC7143,5
ACB2E5D636196CB236724,5
1854AF05BA84404DC0822,5
997BDE1A02298D466331F,5
5A10EEB34373A65501518,5
FAC7A0BF14497D1237D85,5
195772D5FA3A9BCA0AA90,5
AE6A5F184967BFB21178D,5
34F5C88E32E938846EADF,5
FF80D802D42A1547D9F12,5
EF0E1D97F4A65B2AB9818,5
541F03C1CA1405A90B9C3,5
BCC2BBBF67AFD446AC679,5
A6BC608664A35D4CDF6B7,5
097870072882B3886CB2A,5
111CCADF119C70A658F95,5
0A8878C1700EECCFEF006,5
B2D988FD4492A5A8467A4,5
6B36752715572770787F3,5
DF5CCCCF6602337CB22FF,5
C3DA693495C572FCA786A,5
3FFA1F16A72C49C8CC177,5
41C3DBE8F53749877D5A0,5
7A03469AA800D346C55FB,5
E3176C1E2F89092BC97DA,5
EC93235DF7EF1747A34C5,5
0E702AB4376A3ABFC94D0,5
DC5B304FF48D2C7EA4F07,5
E0F24C04CF16D70FA22B8,5
51985EFFD9E9D142E232E,4
4E61A2FA34C0AF0696152,4
37611022EE9AA3630FAB8,4
CBE634C8044674C1C2D4F,4
4F349DCAA2C9204AD4C70,4
1A338D0648B897AF187D2,4
42DCD69A77BCFD8840DBE,4
F5E7E7250F8E5CA3FCC65,4
43AAE9ED16BCDE823BF54,4
5212641992D4230897E50,4
EB1509297EA661F591A70,4
3FB84DFB93072499808D6,4
B859126CFC314AE1569BC,4
1FE1F925B69811475BE4B,4
BF17774102DCA5D828EB0,4
2DAA9CCCAEB0283E70DD7,4
ECB2DAF92A14E2296A554,4
2F31034075EA1694394E1,4
1BCB9FB00CF08A7EC8A3E,4
3A7339F2669FB56A4AF11,4
2A24E548CA2A1CBB46FD7,4
CD6936BB359512686DA7A,4
B1E1BD1EEEA913E85DD6C,4
22ADBA9157772BDDDB5B5,4
B09AD0853BFC07F5CDE52,4
F59839475ECD77342EF46,4
CD8A4E23A1F57538BE15B,4
BD712A1694ECF0061B2AB,4
4A41CD5143EF455303FAD,4
FF97A619CBF705D635C50,4
E797BF46CB79191B74558,4
DC8D80A5B43FF5F062E92,4
E1A293AE4CEC08D0F742B,4
729C1D75507288F8D467E,4
FCA5E64BCD4DA7FC7476D,4
DF8A935A4AD77EBF61420,4
79C2256436A7316F10111,4
566FFC0EE740BC9FC3CA4,4
A10EB898B78CDE99F4E47,4
7CE177E75FEA65B12DB32,4
7DB1C5A6A277A41BA39F5,4
8153354D55EB5BB9404DE,4
83702E3B9AEEAE5D2FF17,4
865DC92B687EF0104066D,4
9CE7D2096FBD44993DFD5,4
6D372977CA7F69478FE03,4
052CEE330C4539601CFB9,4
050D0CE7F4F8A3D91612F,4
FECB92A890DBC19BFEB3E,4
8D62DB2E0FDE1DB1A7486,4
DAB883ADDA3A9B573C6DD,4
D90B62420B9673AB90FD5,4
0276CD321A0987A652DCA,4
942AB0F0D67087224CA5F,4
D814AF1F7359902039BDF,4
01266D18E0CDCB3CE0795,4
952E20C05439B5E842BFE,4
C66EEFDBDE9185EBEDEFB,4
A4E7712C05F0E8735FD7E,4
0D991C2A6AF8827B46C76,4
11B16D70081C95B826C3C,4
5B247EE6CF6ABAC321081,4
C194D928851BC2571DD92,4
FB3CF86CA2857B3179160,4
6C5F279355785A47F5899,4
C8FEF548DF12305B5BB89,4
5DE44E175932DBA28C7F3,4
ABA0FCE83AF1E7D2552B5,4
C1D5E0467A71FBAECD254,4
A81A877B01C22539C1FBB,4
BA968521E5070CF30F665,4
58BDF33F3307790BDD386,4
E2C04C79922BC7799930C,4
A5F8A707ECE357A2B20F0,4
A5CCB619CD596AD9111C7,4
FADF1D05E1DD25554317A,3
304634A9F88F7107843FD,3
BF71E14BE08C56943F19A,3
1B41427D70383DE35DE92,3
039AC6159D5B4264E7772,3
30782E7CC89DD6D7D893D,3
300FEA0CD4271161766C8,3
19F8F421A915E3DB6F325,3
F97581B8D725811AEFFF8,3
C93771D932C579601F335,3
BADC400D0A86D38D81B51,3
F8D7A686AA04E6A54C45E,3
0634C8A2362CC4026A3C3,3
1E8DC332FD0A788A6BEEF,3
086B1C3E3661E64195593,3
298142E90A82D377318F5,3
091ECA74EFB8817C576CE,3
09976A74951CD05141AA6,3
20F745E8E640D44D6BB55,3
1336F6A8BB11D3DA2A327,3
BCD4D9752724DCB04E71F,3
F59974B41DEAD37569482,3
FCC70BDB969558A9C8A65,3
C8074ED7A9EA636192E73,3
0C9095A7FBC123B2AE62F,3
12FCC5CE95552621FAE4D,3
C2E1B6E259AA9195ED25F,3
23E6E8E6A744AE81B27E0,3
15F61D43B641696D6ADC3,3
96AF375AF9CA9C81BAA3C,3
33E8B27CEAA5DA6F3BFD5,3
66AC4246D9C8E82D55C63,3
704EE7912A0120EFC085E,3
6E63EC71FDD21F974D990,3
A529745880D4C2DF8E9DD,3
6C94A150D7B891497A469,3
A5AE9A9FBBE6CE961A221,3
C7124F722F8C277AE45E5,3
A7DFE080BA771C02B2F42,3
66DAFE25DB670BC6BE8E1,3
D2FAF99DAB380AC4A1AFF,3
D3FDC7A3A65926EF1C060,3
63A198E5185463F3B184B,3
637D7005156957D3F8109,3
62F8AD707B989A366EA37,3
AA95FD4B320387419B861,3
3449344F3B49EB8E43103,3
5E22990C8F039EF53B662,3
5CAF2F5024D074A75C7BE,3
5C8FF6AE2FE64F635F608,3
748536A9DBB618B1555FF,3
79EBDACAE29AF84CDFDF8,3
5AAEA50F5C75386B0463A,3
87304BEBFFEEC777713FD,3
961BB68B86BE9F2D2F2F3,3
9551597173CBAC08A3D9C,3
93A7399145C1799EC5522,3
D912B89CC41878FA4A7E7,3
8C54F9186011D4515EC49,3
DB84E57C73484D6039725,3
DC096B8824DD1B0FCAF9F,3
888BF43E6915F392F8647,3
842BF9635258756C1CB20,3
A21D628FD15E955F3DDEB,3
7FB374976BB7901C16DA8,3
A00196503C4EDBFE7C38D,3
7E756AB6EF50D361A1982,3
7DE573EB54D6E43C8859B,3
DF0D6FCD7B44FAA2C3D04,3
A15B35256B502FD6200C4,3
7B721853865C81C4CD9D3,3
7A85C0EE4B08D155ADD22,3
AD0A34DD8307457EA371B,3
609D1A4524CCF18CA0B18,3
5943F62B970B5DE81BF61,3
96ADE528C7407A98E60FA,3
3F142B33387E9250E2A69,3
3B1CA570C4621B5C8995F,3
3FE0F8C351682AD863963,3
EDAD51C2303C02CC51A30,3
466D3741487B8A954CA9D,3
47ED8A79C97DD71FF3525,3
4890154646839B917083A,3
3AA437F6D7DC50372C861,3
B68ADFE2A97BAEE0681B8,3
B12F1FEA8FFC72FAF59F1,3
3D0D3698D27A6F9267A64,3
AF433E0CB7B6918984605,3
35FBB1975B68C735A4D74,3
E9420B5CE40A2360D4AEA,3
CC076274924884C2D2D03,3
57569B87490D727B35C14,3
4DC4751FBD03FD548FF02,3
5073D27CA5711FEC32876,3
4B85FD03ECBBEAD937E09,3
57506977B9BBC665EB49F,3
DDBD75FD5744A4F4EC878,2
F266598134EE60C18517A,2
DE90EB004F0B0F4739805,2
F3528B484331E7C6D326E,2
DDD9FFA74C8AA5DEC2604,2
CC59FB73033762792327B,2
D49DE82CB37859D1EC61C,2
CD5848FDA9507229C6EAD,2
FDD759818365ECB819853,2
D80388619FBB77BCF1F18,2
CD443DD9A8A642CEC2588,2
CAAB72C6B5DE7F19CBDB4,2
CC69003BC379025D11987,2
CA731574D5DCC107170C4,2
F633F17EF1A4DC8AA8054,2
CDC69069AEC533B1E2CC5,2
D45A535006359C479F651,2
E6836E8E5817486BE02E8,2
E5814008E1BB914017ADE,2
D2041A363D57990998503,2
D12DADB84022ACE731076,2
E35F265A8EF579551406D,2
F84E8E73C4F62241C0753,2
D3357E3A946B263468DBF,2
F7D04968F5542FC927823,2
FBE5054E5AA1798C2F6A9,2
F72C00747C61C95F56819,2
EC1823140EA875AE7290F,2
FCB064788D1CE11B5C9F9,2
EDD117DB9E22C96D2BD83,2
FA29574B63F546D65EB6F,2
CE518635CCB4208D8F54C,2
F10FA3EFCD02B2679ECCD,2
DF39555DE6AD6706E9DDA,2
EA86FFE6C746316A6DC64,2
87868D602D73C4CC95681,2
72E2D49A6ED0BFCFBBD85,2
26B3903DA24FF51E04811,2
905F612E3C3AAEDD6C100,2
91A9ED61B3EA5BC7FBD41,2
36FB90FD879E2883C0C73,2
36F6EC750224D569341A0,2
9322092FDF57F9E90A80E,2
3514E8438336786089D72,2
9378018E57566E39B13A0,2
93C4C3446BA4ECF8B5C09,2
94C903AB2B4F80D198476,2
34DDD12ED0118CE73A681,2
323EB39560A4D08324CB8,2
95EC30A95E19065AE1543,2
987C152CC0FA2C40AFBF6,2
999B56B807C379C120E99,2
9A0A0532D8FC8952BDCEC,2
3D7E54879530C3478AEC9,2
224207B0B72859A7AA755,2
20CE20A6A2AC7FCAD662B,2
2086183F0EFADB0D8AC11,2
9CCCE69CEDAF1C4BC1C2E,2
9FF6968D6C58D98A3B3F1,2
A4AF136A5C343893D2FD7,2
1E4F1155FA9ED85E00616,2
A625A24EDF2154165A4B0,2
A66B7312FDDD0278B0A0A,2
A827D9857BD7D2979E5BD,2
A851CAC54AA6413665578,2
A854C71C5065A269F1F3B,2
A927E6F226A59427FC336,2
ADF5549DEB41463A5EC66,2
3D29ABBDBED13611F27D6,2
3E04E8698A025B169D9BC,2
AEEAF18B0223D6D11337B,2
48DDB96393CF7C1EC26ED,2
5DC05884180087C2DD108,2
50E7384809999961A2343,2
4CAC1B7813CA85E7DF732,2
6650DFC2132DB26BF722B,2
672C9F36858F8B377FF7E,2
68F1C03413C11E01875F5,2
4B9F4C0D9B7B5F04022AC,2
4B5B7C4F19AB0572C76F8,2
6D969E2E81CD2B39E8C0F,2
6F7285B1BFE8A3596F171,2
7025C09DC12E46098CA36,2
710C3BFC7C47B55EE8602,2
71376688B20B775A8FE90,2
71BA89F11AC5B777BA348,2
4757468396ED41A9A6D5A,2
8602353C987985F8C28A4,2
735541C6A27D909A551AD,2
47359479FBEA2376EC0FD,2
46628C2862A689D36CF38,2
45E7DE1EB4068981FC984,2
78C235F8711FA1508E361,2
7A4166DEF25019F3A2040,2
7B8BA9A7604B1E0774922,2
7BD4611060E06FC6BFDEE,2
7D73BAA8A9263BE6812FC,2
8029BE928D4D00C773AC0,2
82360B065189E2D433A6A,2
4094D83D1FA9F6AAB9239,2
85273E3F97B97E941732F,2
4038B3C7B815EAA785DC0,2
AE2B3FE15D94354FAA7C3,2
580EBD7B15209CBB3C0E1,2
C1C13556D4311422E8C58,2
C457E49F4BF92DE8B15DF,2
C3E05843B975A54211FFD,2
163A443A656F4BD9B2B43,2
15883B1CF904DE603132F,2
128C878F805D1870AD178,2
03286E0E2CFAC20413886,2
B49AF6FEDF1632B0026EF,2
C1CCFAD6D2469F5756736,2
0B662FDEAC9444AF499D7,2
C1CB92ECBF30DF89DD98C,2
BC443DED5BE3446125413,2
1152C53EB53B477368E08,2
B87207BFCD1B543767F27,2
0C44B14A8D00E506D4B27,2
049B00B93F8205B7F5EF7,2
B82AC21781F2E82456C08,2
BFC47768829587931508D,2
04A4DB4F14CF275F68D28,2
B76DC9704786C6AB52966,2
0FB0A35B36A5B4652946E,2
0590ACFC67C69D6B0FA09,2
BB41F2616618B791137A6,2
B99968540CF7C7B08B6DC,2
18376F94FC8360D723E5B,2
19033C596B7AAF7DA23C2,2
0B37D943D6B747CC58A4C,2
C4C35AB9EF9B7434A9DC7,2
B9B29E801EC0AFEF46E3F,2
010B46A988B3791D7176F,2
065571DBD907D3B36D7E8,2
B0CF332A3390DCE60673E,2
187ACF1FF27117C3C0035,2
B151C840D4DCDC885B276,2
04EFB0E419A45F81589C6,2
B1CFF4366775C01EBF944,2
B991A67E7D4BB9F142C6E,2
B2281A4F67081297021AA,2
AF232B6085BA2F76B0E5A,2
EF95C5A1784299A7C2A9F,1
060990F25E4185737BD6C,1
45F3404278C67A433A848,1
40A54B73AE82DC02234C5,1
0539A2093B8F524B8CF5B,1
40B739406034A489F8B27,1
410338AB1F5FC9CB5F76C,1
44D823A8787657C52AE26,1
FE1649225FF8AF9E21628,1
451273A14C79749D51F33,1
456DAF333656C25575B10,1
41893B55DA3AF084E0CFC,1
442325D2A48C619FF8D8E,1
194170033DC1343A9EED8,1
46AA6F834D25B8B4E5585,1
04BE9264E151F4062FD95,1
54B24927563884801433F,1
545CC590844570CF74EBA,1
5422AE1830215E65EFAD1,1
E7A465ECFE07C4A0C8C91,1
5180EF4F235E7F38A7286,1
4FCAAE30A8474964AB13B,1
E82BC831680FD6803F5C5,1
4F7BD9413624F77D82A2C,1
4E50B2EFE655D92E9E1FD,1
4E362500288F4629CA0E5,1
4D4ACFAB2FBE9ADEDBA96,1
4D0C8B421ECFAC93AD10C,1
016B4BC56FCF15527D95E,1
02D477D241BBCAE238935,1
4C7F3B217893833716548,1
FF5CF74CED99BDCA17A90,1
031DD0DA79DD28C0D72DA,1
4B4B7306AEEF05D3DC5CF,1
4A1393FA157B255D77AD5,1
49E8E7DD42073242E6C0B,1
FD461B7ECB7CD8E29A310,1
FF1CA3BA3CBCC98610D57,1
0370C9A9F69E20B4D2970,1
47A057BD73BB59620E15D,1
47507711468959269C65F,1
FD52DE5E2C043C7D184E5,1
3C769E196C43DBE344413,1
0988CD1B47D23017D8817,1
1FB57F9555C222C278357,1
265D532F5D14A3E526936,1
2589FB1E5E213ADF8EB91,1
578A236895460D4D2F704,1
250011E920492519AD1C8,1
21E804C05751D795C950A,1
21356CD98CBE75909E952,1
13255DF8AA7219A0327C3,1
F6B8CEFF367424571DABA,1
F6EE068070CF60D000554,1
FB132081C502E72C91BB3,1
1FD62AE5CAFFD0495B6C8,1
F7469D0B95D0AD105B477,1
1F68B44707CD4B1421CD1,1
0A48DDCA9B4B7E73DA23B,1
1F4830C9662EA1CD82B6D,1
1EE0A0A6028FE0F75E2BC,1
1E7EFA8558BE212C0E25C,1
1BB8F8963C2E971035803,1
FAD4CF98781DABF17C231,1
1895CECCA3414C228B53C,1
F8C73B9F84359FBF41794,1
1B8FEE17AFA18310C1507,1
F8FD2B6B4EE7102EEBB0C,1
1B707FB70D74D3DB717B3,1
1A271DE35EA49FC7B7544,1
FA0223BC5CF43B4A07830,1
267D7E11E8AE6C5328EB5,1
1250B991969ACC78BAB86,1
27AED94989F8D14371802,1
10F76C7E6D0416DBED858,1
3FE203D59CA463277293C,1
3FC00C4801BC37D6EF6BF,1
3F9738BFC698721E5DFF6,1
3D9B50DBA166462D76DA4,1
3CEE8B362127ADDCB4F2F,1
F2DB9BA72E3699BCCE576,1
3BC197879281576348819,1
3AB7018C3E1BE3099DD64,1
38395545EC0B6F0131358,1
0B3E1FFED62EA29A4CC7F,1
37BCF9F123B7FD4E1396C,1
375030BD09709A4F981E7,1
F358DFBB6D09E7FD694D2,1
3741593402BDE19C8FF7A,1
F36C2E77E8B7178E6FE24,1
0CF0EF1973E6174B146F5,1
F491CACC6CB626A61CEC0,1
F493AA20D1DAC3D11997C,1
0FFE3DAAE52C72566808B,1
1024FD0F72C38ED432AA0,1
334B4FF09E3B7225D1508,1
FC8595E480CD0B07976DA,1
FC601578824202DCB7A52,1
2B453FEB7D8D9B2B069BF,1
29D50509B30B6F6FA204B,1
2517EE96364E928103AFF,1
C64C310C45E9A4FC1038E,1
57E9E5DC3A7518B4B534E,1
E6234E090F5D5BFCDFC3D,1
D286A40B0427F8187B22D,1
D210709018EA1E4E6F907,1
A9982DE831EF2A627DBAC,1
D1E7B91FC6F1A247A0901,1
AB33A551AE6CDEB878DCC,1
AB5DAD2F86091279D24B8,1
D1A36B23F832A81397E9C,1
B03B08894110C01BB3D08,1
B046491F559697A7D507D,1
B0B73E1D9000FEF51503C,1
B0EEFEF22DD7B25F20F72,1
B1A94E458E5AE86FEC0AE,1
D04B6B000464F15A60BD9,1
B390C6043C9E21C0694F1,1
D03694833323960B82334,1
A7828A8459DE600F2B37C,1
A55BA3381DB8DD1E60CB5,1
A3E317A7E929E76104BC1,1
D4D9A98E1D4867EBAD466,1
D67EB10F4B76C3D33060A,1
9B6ABC8CF7B9F821CBC06,1
9BB101037F84F886BCFF3,1
9C13BE591BCEBD7DC4B6F,1
9C2969AF789147B6DCD21,1
9C9B36E1CBDCC5EE7F085,1
9F45CC78AF61EBF805AC2,1
A38280646FB6D832E7383,1
9F987BD06FD4EA12D0CFB,1
A095348643385677EBF89,1
A15D1AE15CF9B77C4F3F2,1
A16EE4E5C7A1EAEF0F639,1
A1B84B275D0070D4E25D7,1
A1F548FE141681567A938,1
CFFE5D9F6EDA7846B5C51,1
CFCDB275CDAC56E69EE41,1
B4C6497334CF4C15BBC44,1
C0CE7A3816F699B9AB343,1
CA26E7877AE77E22EFAD2,1
BD5BEF921B9A354ECA8C2,1
BDAE62B923B92BD5171A5,1
BEC6FC5B32C264F5690C4,1
BF8D4AB393BBA93F8BB77,1
C05835A761B5D8BC68896,1
C0D3AE1F20B841A510AFD,1
BB29270E31DDCAD6A7BD6,1
C8C2B684F3D2CDECD07CD,1
C22EACF6B772ADC86A406,1
C2F635550C5F921F2FF9A,1
C40A324B8DB8FEBA9032C,1
C475E1401F52230C9AE13,1
C497AA40DD175D810DAA2,1
BB357C16600F8F3D1EC48,1
CABB206939AD7A372494B,1
B4F89E6DB86D3C48CCFDC,1
B80045F75B4006CF7146E,1
B5055810AF022BA6615F6,1
CE6C3BD9C9EDAA39EAD9C,1
B53D3D31E7D12731D8A2B,1
B58475A6323F98F184289,1
B5CF88696A05B71C85A3B,1
B655BDD7B247F40FFF6A4,1
CD49E1A8550B70549CBA6,1
BAF1B67C07E4EDD0F0C09,1
CCFC457AE50A464D25A74,1
B98C7953ED5B1DD9C7618,1
B9BD35AB04D3F7DED3AD2,1
B9CB0A42595CD9C306A54,1
CB611CFC6C3E775AB43D6,1
BA06520FA8104471B2490,1
99A8EA328A0CA2D38B77F,1
999C148B556D4EA3E8089,1
D6F01223CA4BFEF6BB5CA,1
E03EFDE23CA44E6ABD381,1
E2425C54ED6DDDB5911E4,1
C5DF876BF4D4DEC935DF3,1
72FB9B18EB92C452B2A2A,1
72FBB18872ECB0EE9697E,1
731C07502BD64DE87DB37,1
E04091ADD0F35132009A6,1
DFB85CDBA7E6BB52CDD16,1
6D5585EDACD39E51F3D06,1
7620B60F91A8C86FDAB6B,1
77967B008696C5F550890,1
78E4A150DBD0FACB51CA1,1
79528457422D14DD2BADD,1
7AC4011BB39F848CC5D19,1
7CD319D693B3C987E2CE7,1
7011398FD520826D66260,1
6C44B63FDA4877F546D6C,1
7F973500794F78FD22E3C,1
5FD56D44986257223784C,1
5A48668B95344822EB211,1
5B4DE7D545E01A62F7502,1
5D65447937D7186A10C4F,1
5DEEAB56DE120EF9F8B23,1
5E81C5FF6B9F9919A8D43,1
5F0B77A7A96D389282198,1
60B7242A4BCAB88157FD9,1
6AE919D185C1721CB60CA,1
6105D96BCA8A46834A75F,1
636311B96F00488C8D5D3,1
63C406A1DACB602C91B61,1
650E2AEE2E9A8BD6213E9,1
65C971FABB66890BEF7D7,1
67FD38E2267E27895672F,1
7D3A89DC069E7B1536B20,1
8119307408F24546FBDD8,1
D6FDF6A5476059E0D1877,1
9446AAC13137CD1FD11D7,1
917F55BDE0B0B27251208,1
9204C6AA78D23C9F9898F,1
D9384BD9CFBA5DA947726,1
9210264C5DCE7A64D940A,1
92CC63C2BDA2F07687D9E,1
933DD1D7C5E1D3E52C1AD,1
94BE4B2CA6CBF126D7C82,1
9065759B54C46DA421ECD,1
94C9FCCAD3231A68385B1,1
95879C94B7737B41B461F,1
D7BF32F059FEDA2ED4AE2,1
9610649C1CBEC14541458,1
97CBA9AB6AAFB41F6A151,1
D73E2F7C3E1007FD1C1C9,1
DA525FBC80B0A3D3C4A16,1
9044FB7FF23E810DDBECA,1
DE8BD92E28FFED36BA651,1
87B2815A6098805A6AD60,1
81643D04DCEE446CEC63B,1
83C33FC4A77FF7DD97DAF,1
DD2E380FEA9652EC0BFD3,1
86DCEEF9114EC5DA92CA6,1
86FB798AFE34BC3B3C2EC,1
0080C3E6E32D39EED8AFA,1
896A497A62F13AC8C71DC,1
8EADA6C05046556CAD355,1
8AD681091F6B0035A673E,1
8B9BB54EF8CD2709355EE,1
8BCDB2AD274DE0A1393F4,1
8C7D1B7F5B26EB944547A,1
8D9E1A2D4EE53F5FC08D2,1
8DEC7B290AA2C1044867C,1
001C8888DE8E345F02214,1
